<?xml version="1.0" encoding="UTF-8"?>

<process name="请假流程" xmlns="http://jbpm.org/4.4/jpdl">
   <start name="start1" g="38,16,48,48">
      <transition name="to task1" to="提交申请" g="-52,-22"/>
   </start>
   <end name="end1" g="38,348,48,48"/>
   <task name="提交申请" g="16,96,92,52" assignee="张三">
      <transition name="to task2" to="部门经理审批" g="-52,-22"/>
   </task>
   <task name="部门经理审批" g="16,180,92,52" assignee="李四">
      <transition name="to task3" to="总经理审批" g="-52,-22"/>
   </task>
   <task name="总经理审批" g="16,264,92,52" assignee="王五">
      <transition name="to end1" to="end1" g="-50,-22"/>
   </task>
</process>